SiteID,Species,SnailID,predict_red,predict_green,predict_blue,sigma_red,sigma_green,sigma_blue,cor_red,cor_green,cor_blue,avg_reflectance,sigma_reflectance
2,Cornu_aspersum,2A_Co,23.7246308590641,19.5588719024089,12.5202618383434,0.5969112574943503,1.0643138361885909,1.0606940809966439,0.9997521096274556,0.9992208928756686,0.9992200176447184,18.6012548666054,0.5389432999127166
2,Cornu_aspersum,2B_Co,17.2142898888786,14.615814621496,10.9139119342725,1.5137529850075817,1.312392110711939,1.4374152116625933,0.9983820459440197,0.9987579734674149,0.9985073328994547,14.248005481549,0.8219207614279913
2,Cornu_aspersum,2C_Co,19.9181505444824,16.5696866168884,11.5168826255999,0.6736923486408696,1.1125279666074928,1.085016063539332,0.9996861198433856,0.9991560935731596,0.999193681504128,16.0015732623236,0.5645883175907361
2,Cornu_aspersum,2D_Co,19.4567549053069,16.6306455660466,11.7243904089749,0.8555779758738187,1.1058400525768903,1.1805937887821922,0.9994721296713847,0.999139258845724,0.999013424787268,15.9372636267761,0.6099815651854381
2,Cornu_aspersum,2E_Co,18.7338487953614,15.7913460142022,11.3568615530663,1.3823330203063886,1.2938884875479217,1.4628336856595459,0.9986353028444882,0.9987897170923578,0.9984528286184952,15.2940187875433,0.7975569912857305
2,Cornu_aspersum,2F_Co,21.6934142511208,17.2530700885957,10.7240489311639,1.9840927960691959,1.6961686122234207,1.7568497749840577,0.9973530541646136,0.9980252857601066,0.9978831881865057,16.5568444236268,1.0488159099335221
2,Cornu_aspersum,2G_Co,20.1039491465356,16.5576729386425,11.4436536393571,0.9033863585581113,1.1575007559769142,1.193242898599781,0.9994111895653909,0.9990554052369617,0.9989903428742638,16.0350919081784,0.6306736722633117
2,Cornu_aspersum,2H_Co,20.4453634314091,17.9334562307531,12.8530881751857,1.1534947042602928,1.6750857678096538,1.6105655066449334,0.9991052367781751,0.9980947200868453,0.9982347117036999,17.0773026124493,0.8647660964079278
2,Cornu_aspersum,2I_Co,17.316347757228,15.2914548331143,11.4701247378151,0.9825898341767322,1.1215537229095347,1.1471092156464633,0.9993023241491644,0.9991115497609302,0.9990596983398669,14.6926424427191,0.6270942768232912
2,Cornu_aspersum,2J_Co,19.9273780790517,16.5897619800169,11.4462979632756,0.9578642515402984,1.0138836913158773,1.1462854296042781,0.9993371373322981,0.9992700910237439,0.9990589073963002,15.9878126741147,0.6017967864854779
2,Cornu_aspersum,2K_Co,17.5204941659336,15.140972593636,11.1827710629979,0.8925500016157185,0.8069786805783913,0.9804928846954362,0.9994355562347894,0.9995304193826876,0.9993051918775732,14.6147459408558,0.5173894292214241
2,Cornu_aspersum,2L_Co,17.3293205536814,14.8596478736299,10.8841352875082,1.397885560141885,1.152794275475806,1.3700383303968422,0.998614843228741,0.999040210725392,0.9986478206381535,14.3577012382732,0.7571895188846968
2,Cornu_aspersum,2M_Co,19.7012394262191,16.2625384663276,11.1412181109826,0.8436883273545124,0.9709062429993907,1.0371742322626774,0.9994857575223406,0.9993353863820701,0.9992313433913378,15.7016653345098,0.5507771594633977
2,Cornu_aspersum,2N_Co,20.4243764138695,17.581260228856,12.1895022645211,0.6636832953301514,1.1282026212475929,1.1649732407704123,0.9996925683463733,0.999118919945935,0.9990466207584062,16.7317129690822,0.584092774480347
2,Cornu_aspersum,2O_Co,20.8625577908247,17.1594522492436,11.9822884813274,0.8936524999141936,1.2894284325923067,1.1710736646724906,0.9994465102999985,0.998856914913841,0.9990477059093975,16.6680995071319,0.6525721757842233
2,Cornu_aspersum,2P_Co,21.1810405754825,17.8978248471465,12.9013494441,0.824879995575627,1.229172867796546,1.1757829688185202,0.999523963123471,0.9989612976621866,0.9990386677464458,17.3267382889097,0.6301462383880714
2,Cornu_aspersum,2Q_Co,21.2327493193691,17.763341530649,12.6185961602284,0.8170859945069509,1.275465815320361,1.1831160662864912,0.9995522342956571,0.9988962027748288,0.9990364159462681,17.2048956700822,0.6406772627267584
2,Cornu_aspersum,2R_Co,19.5777405262557,17.2380712428216,12.9466724785582,0.8602398372784583,0.9065927574384411,0.9984410512371722,0.9994710829059069,0.9994096170236193,0.9992797021310565,16.5874947492118,0.5332091041021018
2,Cornu_aspersum,2S_Co,20.3425289383513,16.5710359171744,11.4547273048005,0.8696829566147379,0.9474932107161705,1.031372359124459,0.9994539911456637,0.999361823874693,0.9992360571957997,16.1227640534421,0.549527147498985
2,Cornu_aspersum,2T_Co,18.3906547317093,15.9464177833338,10.709160741034,1.2190836772301072,1.1839861687423772,1.3224753152417905,0.9989483089642691,0.9989868142166914,0.9987361534581443,15.015411085359,0.7177843392680319
3,Cornu_aspersum,3A_Co,19.4988998688612,16.8159260980341,11.8482584371965,0.6562639056691922,1.0582441882175584,1.1331059905575371,0.9996887980892485,0.9992014794782808,0.999088608438981,16.0543614680306,0.5611983469542652
3,Cornu_aspersum,3B_Co,18.0620978474587,16.0701053526648,11.4458637044702,0.713438558139379,1.0809997260711741,1.091872594666136,0.999637376138151,0.9991836068295229,0.9991597259554628,15.1926889681979,0.5646769722582706
3,Cornu_aspersum,3C_Co,18.439674758463,16.7837827231864,12.482852260706,0.75295594346977,1.2494080506579415,1.3687322288776966,0.9996030428668667,0.9989161012011164,0.998710865311713,15.9021032474518,0.666782576942259
3,Cornu_aspersum,3D_Co,18.85228060056,16.5460035589549,12.1024273429728,0.8142605839312975,1.0556182388511803,1.0856111240797675,0.9995226367028108,0.999216624082854,0.9991608658990806,15.8335705008293,0.5730911966854395
3,Cornu_aspersum,3E_Co,16.3683176169723,14.5739361755008,10.6768406662541,1.2484537088608374,0.9342456712985713,1.1059751988086945,0.9989022593682201,0.9993695860581923,0.9991185561537198,13.8730314862424,0.6372364621192591
3,Cornu_aspersum,3F_Co,16.4877473630401,14.6174974721568,10.9476069653227,1.1287085700010404,1.0644956935972596,1.1890945948909808,0.9990869988332711,0.9991824306211877,0.9989783926651914,14.0176172668399,0.6515861052743912
3,Cornu_aspersum,3G_Co,18.2859411937353,16.0472240309043,11.5137282104789,0.6241566688208109,1.07001320752776,1.108848280255141,0.9997230824368709,0.9991986167241661,0.9991371266732801,15.2822978117062,0.5541805081120651
3,Cornu_aspersum,3H_Co,19.9566917450585,16.8795613576777,12.1498061442937,0.6937699022308269,1.1906767959868676,1.2961398038508365,0.9996564169311276,0.9990035666653261,0.9988240766049479,16.3286864156766,0.6306087271543802
3,Cornu_aspersum,3I_Co,16.7886375333891,14.9003965036848,10.673257436338,1.8253567887589204,1.3774933544323251,1.5585630802560375,0.997672314837029,0.9986492415640594,0.9982763600151808,14.1207638244706,0.9224685615185355
3,Cornu_aspersum,3J_Co,19.790082491633,17.2773389861653,12.3753198920547,1.118212868710036,1.516984131793689,1.437622430982909,0.9991230006554986,0.9984062001462476,0.9985593047111877,16.480913789951,0.790105417012171
3,Cornu_aspersum,3K_Co,16.361753379618,14.2728937853169,10.4659237426756,1.8093321142572685,1.2727766065034718,1.3965280819058232,0.9977090334581594,0.9988425664951543,0.9986149059417675,13.7001903025368,0.8720304322732938
3,Cornu_aspersum,3L_Co,20.5280947507939,17.2910015568554,11.3379793459507,1.2318149512688632,1.2458362690807723,1.419254843944435,0.9989123073263583,0.9988786166725774,0.99854386859538935,16.3856918845333,0.7515731941576026
3,Cornu_aspersum,3M_Co,17.3984137481392,15.2913597061757,11.2105902169238,0.8944235062745075,1.003200062240014,1.1397861895474275,0.9994225711822627,0.9992816183746267,0.9990638719231835,14.6334545570796,0.5874158409071413
3,Cornu_aspersum,3N_Co,14.7376398156111,13.5325668144981,10.4809798853084,1.8314456776508692,1.3030859289744832,1.4925439711995483,0.9976527065911729,0.9987880147082184,0.9984137012176462,12.9170621718059,0.8993771742737341
3,Cornu_aspersum,3O_Co,14.1677758095586,13.1130042206315,10.0423632359148,2.2415887037127136,1.6454333403106076,1.7292902030189492,0.996519602811771,0.9980967127429728,0.9979017297446089,12.4410477553683,1.0915134956296788
3,Cornu_aspersum,3P_Co,19.6525037220158,16.6412604807858,12.0866849302997,0.7770289413749604,1.1882305941386766,1.205699081025724,0.9995912586602677,0.9990389927214732,0.9989981590163127,16.1268163777004,0.6208753851143219
3,Cornu_aspersum,3Q_Co,20.2854242430341,17.1593055264097,11.3650095849551,0.7013570127739792,1.0403991465943263,1.1239282404725521,0.9996446237325725,0.999232309455261,0.9991019887841623,16.269913118133,0.5615006414692258
3,Cornu_aspersum,3R_Co,17.1817646410263,15.0684153206891,11.6465751434339,0.8326144548541119,1.1828321043088563,1.162578994978365,0.9995040254786116,0.9990198198864071,0.9990487288311071,14.6322517017164,0.6185941531660167
4,Cornu_aspersum,4A_Co,16.004589423955,14.5072410369031,11.2068110968953,1.4438606268482324,1.2162043397204751,1.4313141172771342,0.9985233921735539,0.9989338187217165,0.9985227055693325,13.9062138525845,0.7896937949494031
4,Cornu_aspersum,4B_Co,24.4246676567323,20.035701600314,12.2118247278204,1.2094562365408121,1.6131696645155953,1.6147238959346735,0.9990296152099063,0.9982481148285637,0.9982367662523058,18.8907313282889,0.8610351660597114
4,Cornu_aspersum,4C_Co,16.4724772427534,14.8467107769159,11.3040244728022,1.0636793027976919,0.8685445488295933,1.0463678654540487,0.9991961080775026,0.9994549594401909,0.9992087332114838,14.2077374974905,0.5754871368730096
4,Cornu_aspersum,4D_Co,19.6116959632791,16.6066113184399,11.4563249126442,0.8867687538787081,0.9362064069344879,1.1060304599182222,0.9994342641843985,0.9993727529828165,0.9991183167880792,15.8915440647877,0.5662885638089957
4,Cornu_aspersum,4E_Co,16.8453531988853,14.8358220081855,11.3437687484406,0.977730283742841,1.1594398549259197,1.3680515707525074,0.9993105793978022,0.9990516292538013,0.9986671928382218,14.3416479851705,0.6808346499519621
4,Cornu_aspersum,4F_Co,23.422762022333,20.3513884072217,12.9078408247784,0.9852218552811061,1.4182935050774963,1.4356406177238412,0.999340437420577,0.9986285946750468,0.9985898855650892,18.8939970847777,0.7485751319768218
4,Cornu_aspersum,4G_Co,19.4906144121033,16.728414620318,11.8500507569418,0.8030629955698605,1.1258715176047729,1.177272637423098,0.9995343246535853,0.9990982252130188,0.9990094526777574,16.0230265964544,0.6053894716839959
4,Cornu_aspersum,4H_Co,19.9307556603442,16.6348790600924,11.8648257398042,0.7185504441877197,1.1635016570147454,1.223449964621443,0.999638138825383,0.9990500643734673,0.9989491443624027,16.1434868200803,0.6116353909034584
4,Cornu_aspersum,4I_Co,18.0296426866462,15.3017999272234,11.1240083779125,1.2325164656921757,1.3627130726260799,1.4353753815786843,0.9989045243957008,0.998659850955977,0.9985127222039052,14.8184836639274,0.7772019787924784
4,Cornu_aspersum,4J_Co,17.2230967319254,14.8068665229345,10.6530970344106,1.2161063122106015,1.1295058229770223,1.3435818895766398,0.9989447080417496,0.9990780050180955,0.9986954566879052,14.2276867630902,0.711798212724162
4,Cornu_aspersum,4K_Co,21.7284411193534,18.0933509583539,11.8349031482797,0.9755857978920559,1.3157458717204398,1.3490321483949532,0.9993566108931351,0.9988225304267843,0.9987546843788502,17.2188984086623,0.7073300805298409
4,Cornu_aspersum,4L_Co,20.5387447507938,18.0167110788263,13.4256432219818,0.9805742272041418,1.3766456954280186,1.45433043975851,0.9993471646809557,0.9987009825820047,0.9985495311428448,17.3270330172006,0.7432478436494244
4,Cornu_aspersum,4M_Co,20.8709630019234,18.0245902957332,12.3148565815464,0.9082237866791786,1.3244171326403467,1.261560813026554,0.9994472893628451,0.9988103487830486,0.9989074910320069,17.070136626401,0.6807256645085419
4,Cornu_aspersum,4N_Co,21.1888538938648,18.3325038815428,12.6983660055617,1.3048578145752003,1.7185277312691725,1.7680460302807652,0.9988295956704654,0.9979612501798529,0.9978302037266057,17.4065745936565,0.9298732437267824
4,Cornu_aspersum,4O_Co,16.0431820683836,14.3346333709306,11.0109097019107,1.3268514001040965,1.033604697864247,1.203804544801572,0.9987474485329322,0.9992278797924712,0.9989540503635146,13.7962417137416,0.689445726773017
4,Cornu_aspersum,4P_Co,21.01573740052,17.3593014846392,11.5507436500458,0.8731991990135662,1.2104591616587097,1.2382467937865917,0.9994636265738038,0.9989783679383831,0.9989239511341339,16.641927511735,0.6464383914551602
4,Cornu_aspersum,4Q_Co,21.8716841469271,18.0788715699536,11.2788187505158,0.9811518871295358,1.358019426778038,1.2610845050386743,0.999323989652809,0.9987228363087522,0.9988849588832018,17.0764581557988,0.698984177056092
4,Cornu_aspersum,4R_Co,19.7957946518793,17.0233704771729,11.707596842044,1.0075201833534915,1.422777742516792,1.387956656195526,0.9992944078746927,0.9985996281755098,0.9986684615026857,16.1755873236987,0.7428037802769314
4,Cornu_aspersum,4S_Co,20.2220247100639,16.9578096870183,11.1762794961664,1.2112091791747885,1.3124803527849762,1.354685858341459,0.9989404384557982,0.998760858755987,0.9986801910151224,16.1187046310829,0.7472026444571762
4,Cornu_aspersum,4T_Co,15.7430978074315,14.0988874503276,10.7546794210938,1.1137861789133845,0.7928476053956138,0.9293142166200149,0.9991222230582488,0.9995457454080083,0.9993771477097829,13.5322215596176,0.5510345715038726
5,Cornu_aspersum,5A_Co,21.9676731245364,18.8825069288726,12.1564846169419,0.7853634169203313,1.1307791617868788,1.2025905309304645,0.9995542960166773,0.9990874966860228,0.9989729660747959,17.6688882234503,0.6093421949074658
5,Cornu_aspersum,5B_Co,18.0716535098182,15.8552258052727,11.4859284224922,0.9793813296118805,1.219319754072906,1.2944294473762588,0.9993070244894349,0.9989406797301087,0.9988028260996211,15.1376025791944,0.6767139594064142
5,Cornu_aspersum,5C_Co,17.3940042331315,15.8179444593152,12.0916427808731,0.8521137139804043,1.2462709661037812,1.2564209419010575,0.9994975562745813,0.9989346374464722,0.9989103706923125,15.1011971577733,0.6547164514127276
5,Cornu_aspersum,5D_Co,24.4829119146044,22.0529857390151,14.0001201537295,1.2235321778019337,1.6340348554176363,1.719408813097908,0.9989927489462808,0.9981782361322707,0.9979744142290347,20.1786726024496,0.8896608320899745
5,Cornu_aspersum,5E_Co,18.2358642914137,16.2999765516662,11.6600800446032,0.9129734677230362,1.2360828135462467,1.3157201826949316,0.9993992800345268,0.9989146017103452,0.9987707016348578,15.3986402958944,0.6743343115713298
5,Cornu_aspersum,5F_Co,17.8035873887292,15.8088294634131,11.1050713151122,1.0129131335004737,1.2031910291802261,1.3071799608385137,0.999262593526549,0.998956427047779,0.9987691019310784,14.9058293890848,0.6816956895806302
5,Cornu_aspersum,5G_Co,21.6527597387696,19.7457938474681,14.3720470513322,1.4755994435104038,1.9786393497153822,2.1048944809759775,0.9985514399475183,0.9973684425171996,0.9969969145501579,18.5902002125233,1.0813051871580144
5,Cornu_aspersum,5H_Co,19.9041741667639,17.2836082071016,11.9671938485769,0.984756826686284,1.363579092562479,1.4866217659164498,0.9993115538330669,0.9986990825061964,0.9984599462247541,16.3849920741474,0.7482674970501523
5,Cornu_aspersum,5I_Co,16.3601873089733,14.7056106056806,11.3395959102296,1.0063051112367194,1.0269676601858908,1.1353746286074178,0.9992694528008852,0.9992453086863615,0.9990711172850864,14.1351312749612,0.6106815954556443
5,Cornu_aspersum,5J_Co,23.6657743845452,19.9754569695982,13.1978781579104,1.3290997148045338,1.7094019484194618,1.728389167898572,0.9988205569297273,0.9980250992412807,0.9979744695435976,18.9463698373513,0.9235132309022049
5,Cornu_aspersum,5K_Co,17.5415984594865,15.1876135017373,10.4850874557053,2.2758502768302344,2.050664625927812,2.2314242443907726,0.9964820099568371,0.9971031794671935,0.996603284240465,14.4047664723097,1.2633277945804195
5,Cornu_aspersum,5L_Co,17.2426741138675,15.0382436111523,11.0957229380027,1.032534737169792,1.040749751110897,1.13423631856238,0.9992313975343193,0.9992239150137213,0.9990701498687677,14.4588802210075,0.6178619096210942
5,Cornu_aspersum,5M_Co,23.823333014887,19.8672797753,14.0177116838824,1.7844418918646265,2.205663251144157,2.218396328144153,0.9978661548684017,0.9967182433923657,0.9966737462705247,19.2361081580231,1.2004844166517246
5,Cornu_aspersum,5N_Co,20.5077111550923,17.0426956466005,11.4181054824355,0.9002280366960731,1.1452766944463968,1.1895965604184313,0.9994156055308817,0.9990703535040912,0.9989838553000189,16.3228374280428,0.6269156598826684
5,Cornu_aspersum,5O_Co,17.5721809774278,15.0431274288143,11.0526689274347,1.3849607229940357,1.2544666122715944,1.3635378074817035,0.9986316567972635,0.9988626070932447,0.9986559449138087,14.5559924445589,0.7710770272786807
5,Cornu_aspersum,5P_Co,16.8852714328193,15.956244774315,12.3044047452651,1.6973362046281837,2.5878907594705085,1.8974973499862504,0.9980856691732322,0.9955011331817485,0.9975829393827996,15.0486403174665,1.2100791970270786
5,Cornu_aspersum,5Q_Co,18.2541474328557,15.6235300623928,10.2604585947693,1.8560112914836968,1.5904617067602853,1.446070795938086,0.9976852147785519,0.9982559045605458,0.9985541543398142,14.7127120300059,0.9466588674356442
5,Cornu_aspersum,5R_Co,17.879605099888,15.8873124190867,11.6990174496925,1.2304935090962952,1.1704295719232312,1.329676402617736,0.998907942948524,0.9990163781223852,0.9987236622901213,15.1553116562224,0.7189544101169076
5,Cornu_aspersum,5S_Co,18.4964977566258,16.4188292756307,11.8542129488955,1.0806143457072424,1.2585017103881848,1.4027585349215075,0.9991571311469278,0.9988591614458106,0.9985775073079938,15.589846660384,0.7241305458190235
5,Cornu_aspersum,5T_Co,15.0089874670158,14.4630048560991,12.4519076866794,0.9056279697703832,1.4490297127894525,1.80933715901996,0.9994261487112137,0.9985514356833997,0.9977420415345309,13.9746333365981,0.8295614693711859
6,Cornu_aspersum,6A_Co,12.9720454598184,11.4978282430514,9.3249489223584,1.761322048903208,1.4324979193180931,2.014619267898264,0.9978881283538543,0.9985371181398207,0.9970837746081207,11.2649408750761,1.0117639405947416
6,Cornu_aspersum,6B_Co,14.8136856902647,12.4132112868012,9.25291625831584,1.9918024245674202,1.6195574866386446,2.352522213457429,0.9973241398430871,0.9981589570011894,0.9960333541250775,12.1599377451272,1.1606800743936758
6,Cornu_aspersum,6C_Co,18.0713820699733,13.7208593462083,8.64224571787077,2.6961347245852183,2.154450727471111,2.634484856247087,0.9953599946659197,0.9969527857686837,0.995181709395358,13.4781623780174,1.447269876085093
6,Cornu_aspersum,6D_Co,14.9347883838858,12.6589781858018,9.72081794723567,1.6898605443458041,1.2624250534417742,1.9727062345414934,0.9981403344645118,0.9989009055819377,0.9972189578080852,12.4381948389744,0.9626881093348886
6,Cornu_aspersum,6E_Co,19.0420686966949,15.6692662246892,11.9161906372013,1.0591281029543402,1.3300162579073191,1.9660297462268896,0.9992034933439932,0.998724069406303,0.9972205932381961,15.5425085195285,0.8664082017036655
6,Cornu_aspersum,6F_Co,15.1433246761736,13.0884260899073,10.4503883189424,0.9482479378242217,1.2750836250218063,1.8856958855958363,0.999360175405056,0.9988331823614366,0.9974330933338366,12.8940463616744,0.8219800873054248
6,Cornu_aspersum,6G_Co,16.2163024726099,13.0784449063952,9.76354738826907,0.9229131382952253,1.1044016347819563,1.3070557912010519,0.9994072709539432,0.9991195536681554,0.9987671621890161,13.0194315890914,0.6480626232651018
6,Cornu_aspersum,6H_Co,16.3928396071034,13.810233288049,9.72114272107139,1.1721328575592997,1.0806106215923725,1.6949413913303792,0.9990517297064033,0.999155997179621,0.9979227674701493,13.3080718720746,0.7756317189744502
6,Cornu_aspersum,6I_Co,19.481974113811,16.0764807798161,10.5583748038535,0.6980548375506624,0.868957679965599,1.5234561445796706,0.9996653602961109,0.9994563687187153,0.9983258600233421,15.3722765658269,0.6292223269204466
6,Cornu_aspersum,6J_Co,20.3994405319386,16.0791805603448,10.6485041141879,0.9269196277380816,1.2671810738072877,1.691586224534873,0.9993829847116414,0.9988498135573378,0.9979431402533261,15.7090417354904,0.7692992356061341
6,Cornu_aspersum,6K_Co,16.4103970045459,14.5111808608237,10.9762139514579,0.8040035413136812,1.261628753078197,1.9112144365510886,0.999533803160626,0.9988677559967071,0.9973729538822991,13.9659306056092,0.8090371113256851
6,Cornu_aspersum,6L_Co,21.869435226914,18.3823022877689,13.5716199205229,1.2326968489092274,1.9807491617398731,2.3120263536111376,0.9989734093942014,0.9973350424897574,0.9963039297559001,17.9411191450686,1.0948553746619971
6,Cornu_aspersum,6M_Co,16.346951163583,14.0206111076629,10.7851613415946,0.8077982146585718,1.3180973550318724,2.0533944144795733,0.9995284478122918,0.9987679912634573,0.9969754214750752,13.7175745376135,0.8567605145977041
6,Cornu_aspersum,6N_Co,21.2884762664297,17.2416210270683,10.9989397567581,0.5816417071004492,1.2547974124757066,1.9653702267491924,0.9997591640507054,0.9989027972309075,0.9972522756046467,16.509679016752,0.8010759257944297
6,Cornu_aspersum,6O_Co,13.4977944421068,11.820007192483,9.52745330815993,1.1569555385774748,1.4251146597843627,1.0152051598953773,0.9990328253972464,0.9985465391052015,0.9992551017199172,11.6150849809166,0.6992169770103629
6,Cornu_aspersum,6P_Co,14.7168976865247,12.0350733459789,8.65694459739456,1.252447711441915,1.5813313376451055,1.4464724275647853,0.998884475862231,0.9981956438473308,0.9984874004003638,11.8029718766327,0.8274134095695596
6,Cornu_aspersum,6Q_Co,21.5298994818199,16.8048442903325,10.103608225669,1.8100347379099075,2.5569621407308833,1.7907935947251918,0.9976561842646113,0.9954466233231345,0.9977941310056686,16.1461173326072,1.202831051241677
6,Cornu_aspersum,6R_Co,14.8776197243516,12.4530608614428,9.10669336757019,1.482650009588203,1.9144740569461214,1.3630710766198153,0.998412636257021,0.9974162033900958,0.9987041006430043,12.1457913177882,0.9262483903461282
6,Cornu_aspersum,6S_Co,15.7247314235683,13.1454939575984,8.62370470439658,1.2496229852043066,1.6772796230382352,1.5339706126275567,0.9988769095919151,0.9979776032772253,0.9982994904002217,12.4979766951878,0.8646059076195202
6,Cornu_aspersum,6T_Co,13.9402711030657,11.8657982561923,8.54144426886209,1.1942317958576654,1.4461707537466768,1.4240555960411878,0.998996933709626,0.998488892668159,0.9985356686462928,11.4491712093734,0.7849652343218688
7,Cornu_aspersum,7A_Co,17.6459736624553,15.567366550333,11.6282924305856,1.692340734891226,1.2093362708996758,1.1896711282072912,0.9980273788989957,0.99896055598581035,0.9989929435419258,14.9472108811246,0.7987371123895601
7,Cornu_aspersum,7B_Co,17.3502185023329,15.4013151946789,11.0435301990843,1.3255305744271229,0.8925162610999507,0.8984486321474403,0.9987805508525698,0.9994259983397789,0.9994176554224509,14.5983546320321,0.6110852390693988
7,Cornu_aspersum,7C_Co,21.4136805005766,19.1513716578409,13.0560274623741,1.8081566681647838,2.3050545279664054,2.14084286800466,0.9977908171897699,0.9963766464631262,0.996860729370927,17.8736932069305,1.2094955375882779
7,Cornu_aspersum,7D_Co,26.9911633821515,22.7585663422291,13.4203607034956,2.6293789308366695,3.01423463589096,2.7264436643807937,0.9953252676414824,0.9938079221895231,0.9949179758525636,21.0566968092921,1.6135791499084906
7,Cornu_aspersum,7E_Co,24.063228543116,21.2993789006588,15.2086651406252,3.9181349108358168,4.315524323520616,3.7132026302982255,0.9895814571551415,0.9872994276771351,0.9906425215532564,20.1904241948,2.30370245812311
7,Cornu_aspersum,7F_Co,28.9534657107174,23.5800418043606,13.0738973860886,1.7835565581505888,2.0276069648147446,1.5989069173411472,0.9978754006110236,0.9972454951076845,0.9982673518136177,21.8691349670555,1.0460915261745931
7,Cornu_aspersum,7G_Co,21.677415307698,18.7258162657814,13.1402587274474,2.0689837490548566,2.3262202092903337,2.4134686212460763,0.9970556143785029,0.9962312745715209,0.9959769418037001,17.847830100309,1.3130467116047018
7,Cornu_aspersum,7H_Co,18.6382791288945,16.8742611583946,13.2300997129493,1.9455184735579987,2.009223659513555,2.1734631524667494,0.9974600744431751,0.9972546757719275,0.9967971725701739,16.2475466667461,1.180676073745471
7,Cornu_aspersum,7I_Co,22.6848478476891,20.2324665449468,13.3513694695905,2.2112637530927235,2.0594283619947173,2.2454909503980587,0.9967305319086978,0.9971407212178555,0.9965973644411404,18.7562279540755,1.2549086807081284
7,Cornu_aspersum,7J_Co,27.2624703562621,23.0176199825023,12.7916478811918,2.3235446670660056,2.2149115754029074,2.247505404678342,0.9963735542659341,0.99666915365984,0.9965888359819963,21.0239127399854,1.3062232942836476
7,Cornu_aspersum,7K_Co,21.4526694519459,18.9153260833673,12.7911725417863,2.102697573161291,2.084074514884281,2.130278818430444,0.9970026211488102,0.9970074274041884,0.9968712337799226,17.7197226923665,1.2157664026367137
7,Cornu_aspersum,7L_Co,28.7029478171519,23.6476253852021,12.5945704351744,2.1685635007804045,2.0376859982258066,2.010882028657219,0.9968238585709731,0.9971511092020466,0.9972229548842252,21.6483812125095,1.1971483903871563
7,Cornu_aspersum,7M_Co,23.3661507859359,19.9841403063945,12.9185527052489,2.1345974925230413,1.819228661714637,1.8445322924302558,0.996938217900822,0.9977444988811126,0.9976879779307171,18.7562812658598,1.1189478568184636
7,Cornu_aspersum,7N_Co,24.2920821960886,20.491112654015,12.616677951517,2.167146243187459,2.078907932414807,2.0799970546183455,0.9968240991242837,0.9970345005161846,0.9970307868372233,19.1332909338735,1.217683081285462
7,Cornu_aspersum,7O_Co,20.800708112654,17.9648756877195,13.0029832981793,1.7992930742276831,1.7065987111495216,1.821300053741016,0.9978154207593746,0.9979833417089746,0.9977159594636965,17.2561890328509,1.025620062510585
7,Cornu_aspersum,7P_Co,21.4660616417571,17.9560841938478,12.1570020605941,1.7073059032694464,1.7348643804657595,1.8991393257691775,0.9979861977310752,0.9978824681036317,0.9974797960508,17.193049298733,1.029097665413225
9,Cornu_aspersum,9A_Co,13.9140472002945,11.1439273081558,8.3123687024463,1.1614080951863925,1.4792721331463219,1.4211528573073346,0.999035018388545,0.9984189584745176,0.9985450455193808,11.1234477369655,0.785761502641479
9,Cornu_aspersum,9B_Co,18.6601888902817,14.6279641312304,9.83937462779308,1.5308685589908029,2.0379888238614767,1.4563379534426504,0.9983522197675032,0.9971246744170413,0.9985306854961518,14.3758425497684,0.978540706342777
9,Cornu_aspersum,9C_Co,18.0969125212075,14.4929656138504,9.66645350461799,1.0985726122221013,1.751304255477425,1.6188228734168015,0.9991376237311829,0.9978559459540374,0.9981519931024607,14.085443879892,0.8752470048236707
9,Cornu_aspersum,9D_Co,14.2493267136065,11.3531118535926,8.69888315302131,1.0813195060554566,1.3512973213704527,1.0485837346851647,0.9991550950448657,0.9986928251393677,0.9992131412263439,11.4337739067401,0.6745191022387945
9,Cornu_aspersum,9E_Co,17.3626462839508,14.8488083254219,9.61085212610102,1.1987441190486012,1.5994870136628538,1.145587615232832,0.9989694818448902,0.9981917051144843,0.9990538595605434,13.9407689118246,0.767949445240344
9,Cornu_aspersum,9F_Co,13.2439921674939,10.8656590129477,8.44554961889889,1.088643986261955,1.2566908255135323,1.262244824407267,0.9991770291167692,0.9988583567035151,0.9988610126140267,10.8517335997802,0.6958351941290197
9,Cornu_aspersum,9G_Co,16.6480472445196,14.3015929295417,10.1968156588996,1.2904008408324747,1.9274629980253957,1.7594175014806592,0.9988215830101778,0.9974086410924209,0.9978372637664251,13.7154852776536,0.9704407866356772
9,Cornu_aspersum,9H_Co,12.5338532422806,10.2236876818902,8.10483493269916,1.0715354988677839,1.2047283113547362,1.1541050254341545,0.9991973874369651,0.9989508762254788,0.9990566900758521,10.2874586189566,0.6609351152593351
9,Cornu_aspersum,9I_Co,20.8929167615935,16.5618935353302,10.100446078183,1.734273619711813,2.069122886204385,1.2554660247520013,0.9978925185453597,0.9970414348097021,0.9988869867715421,15.8517521250356,0.9924811470669339
9,Cornu_aspersum,9J_Co,15.1742868516249,12.7115316548408,8.42743705728187,0.946216961533196,0.9194591552616999,1.1940793808188503,0.9993992079561095,0.9993943493501123,0.9990066366816441,12.1044185212492,0.5931607655587706
9,Cornu_aspersum,9K_Co,17.4597307371145,14.1675713966976,9.80662123196339,1.0035526256947154,1.1522925086713485,0.8772317576836826,0.9992731152578226,0.9990507292431356,0.999444244926998,13.8113077885918,0.587313228445877
9,Cornu_aspersum,9L_Co,20.7894213371923,15.9819519401584,10.1700239645652,1.0887199730151733,1.4154180742800688,1.573428732989118,0.9991459085707248,0.9985582243522783,0.9982099382411084,15.647132413972,0.7933331570333556
9,Cornu_aspersum,9M_Co,17.9877900177961,14.3876957113507,9.43102607584634,0.8847577229379653,1.30489367086182,1.3566109434041411,0.9994398231795139,0.9987725968000891,0.9986727726923975,13.9355039349977,0.6932962307634676
9,Cornu_aspersum,9N_Co,12.7733192281653,11.0601080954115,8.43713485329666,1.1761967826604163,1.1819016461115055,1.1726611480414666,0.9990198966839331,0.9989903828863189,0.999041978782616,10.7568540589578,0.6794985520994901
9,Cornu_aspersum,9O_Co,14.2978029423531,11.2233631288135,8.6272467617102,0.9142437155344544,1.0300969712675907,1.1272664472304414,0.9994217269968392,0.9992336037220038,0.999103366143675,11.3828042776256,0.5932650695431595
9,Cornu_aspersum,9P_Co,20.3170443935675,15.7098983466403,9.15884843726225,0.8319435386570698,1.2392874764777408,1.3748031688571714,0.9995028699513678,0.9988962053899931,0.9986407177826422,15.06193039249,0.6764324105159308
9,Cornu_aspersum,9Q_Co,17.6393490013694,13.7730725767957,9.30791579679653,1.0501617666696699,1.1954281983272945,1.5468721546898432,0.9992269321351529,0.9989669937116058,0.9982923846717474,13.5734457916539,0.7397223034870436
9,Cornu_aspersum,9R_Co,17.4926535152232,13.4307494815125,8.67480880028619,1.139556811697021,0.9623296493053604,1.3464344309674623,0.9991305295481262,0.999337800699063,0.9987292143217725,13.1994039323407,0.6697888355388114
9,Cornu_aspersum,9S_Co,17.9544917418517,14.4407106275982,9.62223262789965,0.6174096505420028,1.0989847167113225,1.3814031780797935,0.9997264967116024,0.9991364748727323,0.998621424902554,14.0058116657832,0.6233633526244203
9,Cornu_aspersum,9T_Co,15.4492500255607,12.5557042331137,8.83729649656521,0.6783985201936847,0.8547792270814528,1.1208787691325026,0.999681242691581,0.9994733852466688,0.9991026737856173,12.2807502517465,0.5214553666148598
10,Cornu_aspersum,10A_Co,18.3246473564948,16.2309046782725,12.8188107614894,1.0880186885981271,1.4684345863893828,1.4564064858343686,0.9991976211429425,0.9985258569960693,0.9985337906048285,15.7914542654189,0.7789740156288028
10,Cornu_aspersum,10B_Co,19.1733430368504,16.4303896592162,11.6955046714826,1.0259106685740078,1.2322096030922014,1.2592627966088508,0.9992450417040145,0.9989311651996203,0.9988567241145031,15.7664124558497,0.6795894182658094
10,Cornu_aspersum,10C_Co,16.6531300186322,15.2744529153707,11.7290103770532,0.8623130251200342,1.1111411980939714,1.1702804268590519,0.9994656936976825,0.9991302292054086,0.9990159498835973,14.552197770352,0.6098975135110611
10,Cornu_aspersum,10D_Co,20.7621056545222,17.7281257229919,12.7531578241162,1.359333001122991,1.75411870445596,1.6445766305754408,0.9987362248918551,0.9978775442377064,0.9981231693602708,17.0811297338768,0.9207093238427739
10,Cornu_aspersum,10E_Co,27.2911083819706,23.6209064428157,16.5368106519645,2.5759599873406196,2.891359720615176,2.7095724392111844,0.9955077139831082,0.9942876137327854,0.9949820823679415,22.4829418255836,1.575412245650452
10,Cornu_aspersum,10F_Co,19.7323942875496,16.4990141145418,11.6828753933328,1.0755567498534566,1.3970654944655743,1.2358788723187684,0.9992196632445947,0.9986642470791331,0.9989321362261522,15.9714279318081,0.7177132594432264
10,Cornu_aspersum,10G_Co,24.3961759437739,20.3184413066729,13.9310909987632,2.1221276050851383,2.342073498299042,2.163884015824164,0.9969635675005891,0.9962584109764792,0.9967959608855714,19.5485694164033,1.276763611534101
10,Cornu_aspersum,10H_Co,22.2990110153747,18.7267686018621,13.030097454663,2.1532488214504473,2.468910789995712,2.3419661990136995,0.9968709931126853,0.9958431994895621,0.9962468608101065,18.0186256906333,1.34233654719248
10,Cornu_aspersum,10I_Co,22.9118270387924,20.1761407943051,15.2839622137066,2.3231861835519423,2.6177138164675053,2.540852262544505,0.996318532788016,0.9952729431790537,0.9955456974035717,19.4573100156014,1.4416637721916623
10,Cornu_aspersum,10J_Co,22.923054625965,18.933190818137,11.4856606392984,2.0004141156997934,2.027661485617255,2.0675518187924053,0.9971519874249976,0.9970464381854421,0.9969404486757408,17.7806353611334,1.1732120324580124
10,Cornu_aspersum,10K_Co,24.9865903974682,21.8282195918351,15.5433301679269,2.911642150736306,3.258642034521723,2.9872694078643267,0.9943025900306661,0.9928289021859904,0.9939817029123164,20.7860467190767,1.7644699058627684
10,Cornu_aspersum,10L_Co,19.1467645246198,17.3160967187635,12.7901749040559,1.4947997259743575,1.9269507089916553,1.791587300371589,0.9984607476076499,0.997428755652658,0.997752931899703,16.4176787158131,1.008703805799481
10,Cornu_aspersum,10M_Co,20.9755034745224,18.1486024579098,13.7930345536115,2.3608502708140717,2.6524720159047823,2.4002597754808526,0.9962659559923038,0.99524690322023,0.9961032936488766,17.6390468286812,1.4286928285889031
10,Cornu_aspersum,10N_Co,19.9168626719879,17.3197798408898,12.9079910143707,1.5086278811601948,1.7978726654415187,1.7280202095381951,0.998405489992279,0.9977416286125587,0.9978941514168637,16.7148778424161,0.9715027334283108
10,Cornu_aspersum,10O_Co,20.5045394438843,17.7687517696971,13.5156025274942,1.8057232607557452,2.204203231286497,2.122090958338893,0.9977210699459171,0.9966244934190581,0.9968634593313336,17.2629645803585,1.1842681009670009
10,Cornu_aspersum,10P_Co,22.2440393396128,19.1341369817838,13.8229313332922,1.8821561080848492,2.399734394128011,3.0573926171184405,0.997640343282712,0.9961290878095047,0.9936844165879765,18.4003692182296,1.4394785472822516
10,Cornu_aspersum,10Q_Co,18.3911814255764,17.0601872950536,13.2902912022512,0.999688325181752,1.4793416561399924,1.6168663925908122,0.9993293670559658,0.9985139968898388,0.9982179470887241,16.2472199742937,0.8029172791615266
10,Cornu_aspersum,10R_Co,19.8276299599652,17.0666248854326,12.2048398965697,1.7428642061765782,1.536391520634656,1.9775716016323688,0.9978148657188275,0.9982937646649602,0.9971762093105588,16.3663649139892,1.0170143659770001
10,Cornu_aspersum,10S_Co,22.2175942386683,19.4475527166161,14.4437810004242,2.6488857245908846,2.9092303202513192,2.6521682002907463,0.9952772797695488,0.994248453813658,0.9952201058792314,18.7029759852362,1.5816381381636653
10,Cornu_aspersum,10T_Co,24.3538201161288,21.8314401981968,15.6088947516347,2.772890444667219,3.146102317629947,3.1843119158270845,0.9947974031329763,0.9932385533440857,0.9930679968728556,20.5980516886534,1.7552057045765208
11,Cornu_aspersum,11A_Co,17.8962288039593,14.4761437203419,10.3769258679224,0.596714993938971,0.5562458528591046,0.803241171156542,0.9997592743844267,0.9997788374654721,0.9995337555409852,14.2497661307412,0.38161566061730984
11,Cornu_aspersum,11B_Co,11.8203814758844,11.2089340465252,9.61586419664848,0.6629628001903443,0.7039023573449892,1.0586203195242279,0.9996989177291807,0.9996444048607721,0.9991906658674171,10.8817265730194,0.4779208656045282
11,Cornu_aspersum,11C_Co,17.3354805873253,14.2811407769242,9.38494225991102,0.5828175684396883,0.5928492522392598,0.7578150539761667,0.9997643350889943,0.9997533878782502,0.9995978040903897,13.6671878747202,0.37497114111110835
11,Cornu_aspersum,11D_Co,14.7619275941553,12.7159961738739,10.3445498058497,1.0263637323070676,1.0090182338241498,1.3346732729116555,0.9992532168951399,0.9992706965945294,0.9987257610919046,12.607491191293,0.6542929222204185
11,Cornu_aspersum,11E_Co,18.0145049633397,15.0673039845248,10.3044415568259,1.2115217299946297,1.0973970602171619,1.3893288424667882,0.9989802184381935,0.9991304279694839,0.9986051753691063,14.4620835015634,0.7150990485032712
11,Cornu_aspersum,11F_Co,15.1732190255895,13.468930386954,10.2296213372857,1.102690173449484,1.156466839863973,1.623903546424005,0.9991294422254798,0.9990365204986452,0.9980939232840242,12.9572569166097,0.7594152647059358
11,Cornu_aspersum,11G_Co,11.7030453027941,10.8368853564222,8.87921268798477,2.594682893702095,1.821877161150313,2.1282464050655023,0.9954723946581394,0.9977564196468647,0.9968988440115562,10.4730477824004,1.272837969519977
11,Cornu_aspersum,11H_Co,24.2786362808772,20.0232192124247,12.7161019251434,2.4763645203188864,1.8507981514334244,2.607631759963563,0.9957882077627138,0.9976086295455142,0.9951479143011752,19.0059858061484,1.3481501082930158
11,Cornu_aspersum,11I_Co,13.3042534835628,11.2736292687345,8.74999151497504,2.197776625272967,1.6494128143736777,2.226753831455592,0.9967387191488585,0.9981366470779406,0.9965441298760067,11.1092914224241,1.1789457320805496
11,Cornu_aspersum,11J_Co,20.2324596478923,16.9552490851796,11.312557473116,0.41272303414700734,0.7604548693462112,0.9640152665947104,0.9998809058993725,0.9995914175058149,0.9993371111489855,16.1667554020626,0.43178664297383745
11,Cornu_aspersum,11K_Co,19.5089942629292,16.078602998317,10.636848277135,1.2486704511555184,1.1576879122659605,1.5862719768722586,0.9988994624103537,0.9990315543853125,0.9981812273646932,15.4081485127937,0.7757203091611669
11,Cornu_aspersum,11L_Co,19.5128643024081,14.5489321771653,7.26209021235379,2.5723860256634348,2.158730135683001,2.74473276216706,0.9959272404382795,0.9970548588227076,0.9950625856171472,13.7746288973091,1.4457156474466082
11,Cornu_aspersum,11M_Co,11.0458694357705,10.0636229009405,7.98454533601043,2.532758512773341,1.8781959777774575,2.3350651273107674,0.9958688956094506,0.997723892710297,0.9963457622667918,9.69801255757382,1.307882723409952
11,Cornu_aspersum,11N_Co,15.8156889702366,12.8803135270489,8.80849074291385,1.0857261210983402,0.8136657509933918,1.473348800982597,0.9992265515248417,0.9995354783600279,0.9984567669639267,12.5014977467331,0.6676334534701028
11,Cornu_aspersum,11O_Co,14.6744928896372,12.4692402551543,9.26596947939039,1.7759036491220237,1.3821785869501577,2.0632194897616314,0.9978436125385391,0.9986538437466169,0.996956870826027,12.136567541394,1.017683976276018
11,Cornu_aspersum,11P_Co,17.429429405037,12.8914378839915,7.77389867923082,2.8763215407421368,2.427316480347001,2.9235724084981882,0.9947919865245979,0.9962276883807841,0.9943198932150679,12.6982553227531,1.5885831048534789
11,Cornu_aspersum,11Q_Co,18.9089640497733,15.4159174287993,10.9537550461332,0.5605520519450281,0.9445227048649889,1.2388903126911779,0.9997759081366777,0.9993654867516165,0.9988934932942872,15.0928788415686,0.5518847453978151
11,Cornu_aspersum,11R_Co,16.1038348491375,13.0185323272107,8.66215502017996,1.185987874815052,0.821469242884547,1.4831275538133173,0.9990854212478322,0.9995375139301725,0.9984521150037199,12.5948407321761,0.6896896481666316
11,Cornu_aspersum,11S_Co,13.9142666623975,11.6024969302998,7.99643417325171,1.8764306134053486,1.2513573816295163,1.9178495045085482,0.9977429454644972,0.9989842667904445,0.9975367518069581,11.171065921983,0.986859996004563
11,Cornu_aspersum,11T_Co,18.809284110103,15.564572876966,10.9041390492627,0.8521349026093301,0.9844493059200116,1.4039355872823123,0.9994851204002133,0.9993028580248835,0.998574933810203,15.0926653454439,0.6382536470200139
12,Cornu_aspersum,12A_Co,20.0225145753208,17.8075190472181,12.6265149571568,1.579845288952399,1.9770858381873384,2.031656272621602,0.9982630560125234,0.9972825640924319,0.9971157799600027,16.8188495265653,1.081788989419775
12,Cornu_aspersum,12B_Co,19.7433276446672,17.4060977482918,12.6809284785181,1.6442369532514853,2.1228200818640652,2.1083659141093625,0.998135660559977,0.996881149262539,0.9969153368488315,16.610117957159,1.1379849191629763
12,Cornu_aspersum,12C_Co,26.5020052877545,22.3440667720534,13.3661098306382,1.7739793643615025,2.3936805142522135,2.835370821434343,0.9978474776356431,0.9960524907336019,0.9944749452387227,20.737393963482,1.3709703329528824
12,Cornu_aspersum,12D_Co,22.5373934313068,19.5587216936837,13.5565761018318,1.9513319317746853,2.415558505561289,2.499767071029043,0.9973495865356962,0.9959314368969684,0.9956434937180311,18.5508970756074,1.3288029120291414
12,Cornu_aspersum,12E_Co,20.9555531945289,18.2957125674188,12.6257459380188,1.483942209965733,1.8986958484362935,1.971627050583025,0.9984507864499864,0.9974842845578544,0.99726883263759325,17.2923372333222,1.0378633839650206
12,Cornu_aspersum,12F_Co,20.9630292828588,18.8783672296396,13.4918131299627,1.917130400963264,2.4927722265081678,3.0119129529624598,0.9975166932706624,0.9957453419817338,0.9937834368032391,17.777736547487,1.4514713601404265
12,Cornu_aspersum,12G_Co,20.2507237440127,17.4353452867788,12.8228505658997,1.2885366085065328,1.8011625483485554,2.0109192190419445,0.9988527660869937,0.9977628566750713,0.9972159771438244,16.8363065322304,0.9971241548989912
12,Cornu_aspersum,12H_Co,18.5335227737979,16.6955208506637,11.6968031356016,1.4288007644150629,1.4891843242202403,1.7951281513655672,0.9985263815986624,0.998424974086656,0.9976951065581738,15.641948920021,0.9117520773958918
12,Cornu_aspersum,12I_Co,21.3844005203764,18.6109342989036,13.0443537043694,1.6103699514623393,2.0772578470119623,2.0940300201361524,0.9982473145528872,0.9970589980896968,0.9970151862704637,17.6798961745498,1.1201811990713826
12,Cornu_aspersum,12J_Co,26.3622651786178,22.7423158537369,13.0300279394909,1.335900311267472,1.69355218184352,1.682068563308146,0.9987209947809184,0.9979668369098961,0.9979989986259338,20.7115363239485,0.9117811193203118
12,Cornu_aspersum,12K_Co,22.9720581797753,19.9005861042719,13.7691167301894,2.452927555124023,2.823787539041164,2.669166818676754,0.9959717478235287,0.9946087567231624,0.9951666172743114,18.8805870047455,1.5317049745755673
12,Cornu_aspersum,12L_Co,24.4864637372769,20.8276869107419,13.4290687222417,1.860131377787357,2.4404397684403167,3.068962341860885,0.9976872740255179,0.995984781929942,0.9936180960215704,19.5810731234202,1.4466192335455166
12,Cornu_aspersum,12M_Co,20.7817795218663,18.3388457781488,12.9382143505888,1.6938875830606002,2.1382314391232393,2.0802507019144683,0.998014553010193,0.9968261539019384,0.9969863485586085,17.3529465502013,1.1435195093374158
12,Cornu_aspersum,12N_Co,28.9778226793145,23.9082515744057,14.1491928502414,1.449754320309907,1.6024397448503882,1.895258183393963,0.9984857673513624,0.9981848388710071,0.9974413937819547,22.3450890346539,0.9581002213208294
12,Cornu_aspersum,12O_Co,22.3007163841233,19.0490333168549,12.6225415941678,1.1595309987020903,1.5518926356840512,1.607320143632649,0.9990901988236223,0.998362186149755,0.9982270119717103,17.9907637650487,0.8390709765878462
12,Cornu_aspersum,12P_Co,26.8560963271529,22.7836667665656,14.6968194510344,2.6633626737033134,2.9893929613768586,2.8367138427445893,0.9952365602641993,0.9939503969133094,0.9945353588808877,21.4455275149176,1.6356078188865157
12,Cornu_aspersum,12Q_Co,20.2164415988429,17.7983686493032,12.7745273065929,1.7245578946657114,1.9958471546725978,1.7489110299300439,0.9980011760357504,0.9973005528016313,0.9979220118039879,16.929779184913,1.0549457904703234
12,Cornu_aspersum,12R_Co,19.4960200315922,17.4868152745334,12.4935834413923,1.5535888562322873,2.002082649661494,2.145692747770337,0.9982797954101891,0.997187034579231,0.9967643853384405,16.492139582506,1.1068459010539289
12,Cornu_aspersum,12S_Co,23.5139644827313,19.5312738704475,13.2302146735446,1.9428734717794374,2.3868356095186134,2.450056315498074,0.9973700987486668,0.9960181228125577,0.9957950177350369,18.7584843422411,1.3112554418199704
13,Cornu_aspersum,13A_Co,17.1476883889697,15.6721430971786,11.5412165196901,1.1216698076557117,1.2472667560104238,1.2220060860985984,0.9990905911356962,0.9988973144456441,0.9989282205838488,14.7870160019461,0.6917864468587576
13,Cornu_aspersum,13B_Co,19.7351312940894,17.2094553371656,11.8050192277568,0.6984339023145367,1.1616386154566032,1.0839062539971822,0.9996658872802308,0.9990856463588447,0.9992013831399721,16.2498686196706,0.5785102473188689
13,Cornu_aspersum,13C_Co,15.8627735619789,13.7663404638937,10.2030962258832,1.8958289180095451,1.3112608285974143,1.5042353566676494,0.9975170347875877,0.9987828180851334,0.9983986116961768,13.2774034172519,0.9175024223537063
13,Cornu_aspersum,13D_Co,26.3514439007558,20.1154928567942,9.34103348957458,2.130891200721993,1.7309136253878838,1.7373741458727014,0.996993256575802,0.997973504461211,0.997958538126071,18.6026567490415,1.082960356851879
13,Cornu_aspersum,13E_Co,19.2521488801888,16.9587309220233,12.1437761240563,0.5112184672873133,1.0113690525885288,1.2080228009165204,0.9998138371525854,0.999296940379655,0.9989871521574759,16.1182186420895,0.5521202334197791
13,Cornu_aspersum,13F_Co,18.1145895892949,15.453787372116,11.2542796507206,0.5921735418053286,0.9222145751037358,0.9884685162406112,0.9997468016837203,0.999400404550802,0.9993020016343477,14.9408855373772,0.4919597130916477
13,Cornu_aspersum,13G_Co,20.6051669247165,18.1435282431024,12.5572316398938,0.859626216821614,1.4127129727822156,1.4655375729079738,0.9994927340274806,0.9986359274852825,0.9985298001304536,17.1019756025709,0.736547166304387
13,Cornu_aspersum,13H_Co,18.0913801754005,15.8010887956096,10.9501092290901,1.2108552639562042,0.9674146766983153,1.1699503989952833,0.998968679651135,0.9993238201305467,0.9990106006845858,14.9475260667001,0.647288838416821
13,Cornu_aspersum,13I_Co,16.4778523797437,14.5299769446469,10.9101757149893,1.4686576867582486,1.240522096041444,1.4625576849288238,0.9984848760626612,0.9988898670325008,0.9984566022202831,13.97266834646,0.8051863451252557
13,Cornu_aspersum,13J_Co,13.632224861383,12.6163826839611,10.25944654327,2.206029260939779,1.7339563835489917,1.8028383391301195,0.9967099139652003,0.9979255127770673,0.997754073492788,12.1693513628714,1.1117251817288425
13,Cornu_aspersum,13K_Co,18.1629445909332,15.4561964834149,10.9634815011404,1.0651664112205543,1.0677079528137008,1.158780889595256,0.9991900908753254,0.9991778410245281,0.9990311747937637,14.8608741918295,0.6339779970056156
13,Cornu_aspersum,13L_Co,16.2833683769747,14.4416705034993,10.7361359056229,1.120665269082322,0.9660607859044733,1.1902735012475236,0.999118393201052,0.9993255438618772,0.9989760352859698,13.8203915953656,0.6329749069242406
13,Cornu_aspersum,13M_Co,21.3127223098507,19.8587499112611,14.5532070870047,0.989459519009836,1.5450471816651463,1.6295593003724407,0.9993441908006255,0.9983964190744219,0.9982019738938391,18.5748931027055,0.8179693315876082
13,Cornu_aspersum,13N_Co,18.408454397184,15.7380600468423,10.2524825723889,1.308634951739603,0.8393238969575053,1.050850750592503,0.9988297744241715,0.9994963177740693,0.9992092203333972,14.7996656721384,0.6255022285189249
13,Cornu_aspersum,13O_Co,20.6956876922473,17.2502572001404,11.6419243726854,0.7958518016607846,1.1955999505961779,1.2599420261396088,0.9995493134531085,0.9990116230213986,0.9989042733456124,16.5292897550244,0.6368580202233358
13,Cornu_aspersum,13P_Co,18.1609956878513,15.6412013217375,10.7067457733078,1.2077182054096276,1.0210097654831012,1.2359256587514307,0.9989717986449624,0.9992465493422112,0.9988958188329642,14.8363142609655,0.6690421377569798
13,Cornu_aspersum,13Q_Co,20.5802150001669,18.4039676502522,12.5264105474114,0.8198590305120173,1.3180657711397903,1.4080420348452982,0.9995214048771754,0.9987870096640757,0.9986121538835101,17.1701977326102,0.6985738312092814
13,Cornu_aspersum,13R_Co,17.0497262179673,15.4968317042122,11.7604082783019,0.8391670468074265,0.9459581865762452,1.1587674787571207,0.9994919714689547,0.9993663188347754,0.9990419915662848,14.7689887334938,0.571720628456402
13,Cornu_aspersum,13S_Co,17.364798777019,14.9375093403227,11.1064207906798,1.311525492783991,1.1808527653590617,1.3532324529761104,0.9987729923312344,0.9989922331875467,0.9986762468159133,14.4695763026738,0.7413014414202883
13,Cornu_aspersum,13T_Co,14.4241422324012,13.4084026281022,10.2610334010418,1.5805217201713961,1.100042022725908,1.3321815529354086,0.9982705929264298,0.9991352532480818,0.9987319835342908,12.6978594205151,0.7805161433078792
14,Cornu_aspersum,14A_Co,23.1061374027347,19.0563536491722,12.4168456784708,1.515148670477434,1.521300260645673,1.6006720071261022,0.9983535666058848,0.9983265176243051,0.9981471753069707,18.1931122434592,0.8926975879065301
14,Cornu_aspersum,14B_Co,21.8276495745697,18.5459098713053,12.7372572824249,1.4307535893452765,1.7303716670270148,1.6608654695626044,0.9986214095495268,0.9979615746528879,0.9980994037319812,17.7036055761,0.9309323908772353
14,Cornu_aspersum,14C_Co,21.5055791044532,19.0937801488781,13.6842881363221,1.5823410538379967,1.875399083195681,1.698886746398618,0.9983300552620269,0.9976228888411431,0.9980401953960714,18.0945491298845,0.9948277968797317
14,Cornu_aspersum,14D_Co,18.6948068029663,16.7106199368223,12.2667770021481,1.326441760636047,1.646277321109938,1.793776136601773,0.9987389378982268,0.9980819034361337,0.9976996470358931,15.8907345806456,0.9241999297050968
14,Cornu_aspersum,14E_Co,25.0788044640315,21.4926682125709,14.0765336099022,2.190706910993585,2.6057245706121543,2.4663073489561023,0.9967040980282414,0.9953039256352336,0.99577386698184,20.2160020955015,1.4012561526193337
14,Cornu_aspersum,14F_Co,21.4912544022592,18.1361392282324,12.3215706155068,1.2944332253794852,1.6750881460720446,1.6354689445053172,0.9988345033937915,0.9980520356918013,0.9981192963547295,17.3163214153328,0.8917047556050995
14,Cornu_aspersum,14G_Co,18.6967705246038,16.6115133620946,12.4369813186693,1.728522597543564,2.0785617281980615,2.1739811778664437,0.9978645020309017,0.9969276238811298,0.9966005215835055,15.9150884017893,1.1563545875756869
14,Cornu_aspersum,14H_Co,21.0935564568006,17.5834773931072,12.6853736574268,1.9861467550826124,2.2740754933522034,2.488416992862196,0.9971666949735777,0.9963031558132686,0.9955415159940478,17.1208025024449,1.3041990906536212
14,Cornu_aspersum,14I_Co,22.2010984663356,19.1050309615054,12.2095937540577,1.1396961654213769,1.6021541587750059,1.5636443498611243,0.9991042507160717,0.9982246358637821,0.9982907348163337,17.8385743939662,0.8373761235622228
14,Cornu_aspersum,14J_Co,17.5144257391547,15.4645404668832,10.6415015201654,1.0255282576310896,0.7193113609910603,0.7861403220109257,0.9993056607712817,0.9996363477125033,0.999553836511587,14.5401559087344,0.49296536357279386
14,Cornu_aspersum,14K_Co,15.7327230974018,14.3716740948431,11.2243825674838,1.6333481265297387,1.0991110933307138,0.9287117765971322,0.9982386095785828,0.9991677562076628,0.9993766758154856,13.7762599199096,0.7255937692608145
14,Cornu_aspersum,14L_Co,22.8492023104655,18.4944407867897,11.0248596745606,1.4990302837966702,1.5869415997249237,1.9669347033957552,0.9983954256895036,0.9981789364602605,0.9972028842016885,17.4561675906053,0.9794730760351354
14,Cornu_aspersum,14M_Co,15.4004956146569,14.0269056708868,10.4060873403912,1.480080695187881,1.1599430016822918,1.4758340527594158,0.9985378163002152,0.9990589555679035,0.9984374558336893,13.2778295419783,0.796812593518273
14,Cornu_aspersum,14N_Co,16.9638999747071,15.1326849780772,11.2517629542788,0.9118919131922874,0.6045949409892133,0.8339297485390457,0.9994493196502782,0.9997366729110005,0.9995173482986636,14.4494493023544,0.4585630611563373
14,Cornu_aspersum,14O_Co,20.7575588209584,16.5721718037634,10.2104781298205,1.3867462067833904,1.049561621177825,1.1889794144531365,0.998705966647581,0.9992205841956461,0.9989789617857026,15.8467362515141,0.7022437600427542
14,Cornu_aspersum,14P_Co,14.6543611077917,13.0604894222434,9.92366990131705,2.032054878328818,1.4137577913104613,1.655723542297757,0.9972485855234996,0.9986382209897625,0.9980514837154766,12.5461734771174,0.992716730859201
14,Cornu_aspersum,14Q_Co,22.8838833108628,17.6669283750027,9.02487552595183,2.730999125929004,2.220057936222316,2.069341772307177,0.9951383763649398,0.9967529915935087,0.997131552146331,16.5252290706058,1.3609305981416653
14,Cornu_aspersum,14R_Co,17.2912079862834,15.4625352318239,10.7064273043301,1.522336446063416,1.2196250971219575,1.510140879655125,0.9984157315728603,0.998938777705043,0.9983516910300102,14.4867235074791,0.8222948314826888
16,Cornu_aspersum,16A_Co,11.1904743677777,9.06673468882473,7.83632160311675,3.963240593670656,4.443978118265795,1.9242292209651486,0.9886977919865324,0.9858210513935629,0.9973752373352968,9.3645102199064,2.085901766456584
16,Cornu_aspersum,16B_Co,18.6927107963099,15.6889068993658,11.0664735923636,0.8608560571346738,0.6330214048839352,0.9274332635578476,0.9995050121388336,0.9997107351349637,0.999378476448162,15.1493637626798,0.47163094193332605
16,Cornu_aspersum,16C_Co,17.0889233785301,14.522916702142,10.2346673943758,1.5247698629705801,1.2218295851927863,1.569375165898345,0.9983927285256956,0.9989311085047994,0.9982304679790872,13.948835825016,0.8353794268750083
16,Cornu_aspersum,16D_Co,16.4946379411054,14.4620238264323,10.2799051793989,1.5267195787910142,1.4387753183493555,1.9726964600189478,0.9983844786194329,0.9985066654998668,0.9971847604478513,13.7455223156455,0.9598887905682031
16,Cornu_aspersum,16E_Co,17.2201832602286,14.6899801025852,10.3164571182379,0.9409184769809825,0.7542689604798224,1.0185746896648242,0.9994145209613268,0.999593945110939,0.9992522233756057,14.0755401603506,0.5261752605668482
16,Cornu_aspersum,16F_Co,18.4124185219071,15.3472871598783,10.7816241145465,1.5902715291156495,1.1659768936217343,1.5919535041176571,0.9982937196038387,0.999035264592672,0.9981716766989022,14.8471099321106,0.8447735799246316
16,Cornu_aspersum,16G_Co,18.2268853590907,14.5930032261151,9.65270190989418,1.5010658060771929,1.2295629491624802,1.6634932420722508,0.9985088423181584,0.9989481933623316,0.9980261847517313,14.1575301650333,0.8519411408038414
16,Cornu_aspersum,16H_Co,15.4140478064539,13.5423012276384,10.4578612957732,1.6876205782655724,1.2062929527935637,1.5273013853293989,0.9980897538608005,0.9989742515386489,0.9983153270880057,13.1380701099552,0.8586718054824194
16,Cornu_aspersum,16I_Co,13.3772778703051,11.6459463714361,9.01570519842904,2.379643932847334,1.8189730078860435,2.3943140099923537,0.9962178341760217,0.9977420198519248,0.9960032184405523,11.3463098133901,1.2781978471878457
16,Cornu_aspersum,16J_Co,14.9114516468038,12.9381056670667,9.42365595282245,1.6394231740935357,1.1476083248837006,1.4834044517656386,0.9982404767373892,0.9991100033630625,0.9984702640817554,12.424404422231,0.8303414276746786
16,Cornu_aspersum,16K_Co,19.3193923774089,15.496574852894,10.4647151595819,1.042191369588437,0.5583692089207393,0.771188068775545,0.999275587004344,0.999775920936157,0.9995709261406669,15.0935607966283,0.47053988634063854
16,Cornu_aspersum,16L_Co,16.3529813183466,14.7833822350674,10.9615827472627,1.0465147912572172,0.7425092842276558,1.1783385769754708,0.9992693941071198,0.9996072420258028,0.9990073822697255,14.0326487668922,0.58070790587131
16,Cornu_aspersum,16M_Co,27.3397309034478,22.5004701252599,12.998579279454,2.6427648695919754,2.2366943864955307,2.64966781737347,0.9953833867949082,0.9966211858227063,0.9951979049706909,20.9462601027206,1.4532625165068649
16,Cornu_aspersum,16N_Co,15.4757018379111,12.889211954011,9.50502231273103,1.8383386575108702,1.3626744206814898,1.7497936116380455,0.9977524511455207,0.9987266506984968,0.9978594538265589,12.6233120348844,0.9602168898401037
16,Cornu_aspersum,16O_Co,18.5072326103226,15.2339229410969,10.037638408964,0.9603699426868234,0.8503558212474471,1.338560728166082,0.9993899204008596,0.9994839865340208,0.9987257168180542,14.5929313201278,0.6179860006086281
16,Cornu_aspersum,16P_Co,23.539226443799,18.6775427359915,10.4934651380523,1.0937276219040526,0.8611725547683395,1.5838843306836994,0.9992073586771422,0.9994758241934043,0.9982228176918891,17.5700781059476,0.7028946383023302
16,Cornu_aspersum,16Q_Co,22.1408610569601,19.207331014367,13.0480245399756,0.6966058390047764,1.3962024495538818,1.6644006774486293,0.9996718568041868,0.998682028670056,0.998073291430783,18.1320722037676,0.7604728492609248
17,Cornu_aspersum,17A_Co,14.9907592841349,13.1839024973194,9.43317923919459,1.8423432627203504,1.354925038152169,1.6904565111878331,0.9977580541014202,0.9987535506385838,0.9980098016299676,12.535947006883,0.9479623628792244
17,Cornu_aspersum,17B_Co,19.3192678620992,16.3022320774735,11.2619067222121,1.5656320148416476,1.466279537846766,1.9323479563661714,0.9983078113315186,0.9984666930257935,0.997318992843369,15.6278022205949,0.9623552077803568
17,Cornu_aspersum,17C_Co,16.3399954610808,13.5582195075838,10.128046962711,1.5763742100751303,1.0146194520025709,0.8859107376884899,0.9983624501268252,0.9992922949916981,0.999432814690663,13.3420873104585,0.6911541167354912
17,Cornu_aspersum,17D_Co,14.339791124979,12.264967830876,9.69717904972433,1.7604883218091216,1.2677805948174863,1.409987355348052,0.9979558178047717,0.9988979589669712,0.9985778412984189,12.1006460018598,0.8624674621922764
17,Cornu_aspersum,17E_Co,21.9987886546582,17.7399250008838,11.2308021153945,0.3954350509312844,0.7222017055075316,1.3085859390971002,0.9998890642959546,0.999634031131177,0.9988018701569035,16.9898385903122,0.515357625876941
17,Cornu_aspersum,17F_Co,18.9505202135827,15.6985267945684,10.9676238493943,0.7093998105568311,0.6270192445751562,0.8665097480649641,0.9996712061964214,0.9997164002624195,0.9994848204548225,15.2055569525151,0.4278162076532495
17,Cornu_aspersum,17G_Co,15.4103597542458,12.7797098933524,9.73505266685654,2.1849000181130407,1.6238951671213506,1.8915240859330735,0.996719611218665,0.9981570058665544,0.9974617831943772,12.6417074381516,1.1049729494233178
17,Cornu_aspersum,17H_Co,24.4658727082647,21.0959009443239,13.936671844885,0.9075972505557597,1.3865901847334865,1.638879803315505,0.9994195617887147,0.9986718473938171,0.9980750990144738,19.8328151658246,0.776909269644152
17,Cornu_aspersum,17I_Co,14.1053744215769,11.3493659620036,8.60243223854982,1.3525178645933755,1.2612096027953157,2.0591553809174075,0.9987615321647261,0.9988669581130495,0.9969715543474433,11.3523908740434,0.9225613571277435
17,Cornu_aspersum,17J_Co,15.6153444801001,12.4371164600734,8.64317637100714,1.5808818867181818,1.4292773895683566,2.208846639125336,0.9982894296001878,0.998548791168705,0.9965384066112171,12.2318791037269,1.0231229355513152
17,Cornu_aspersum,17K_Co,17.0477850268076,13.7227956664795,9.25602664917404,2.2723060209638297,1.8149311969243027,2.699831857892368,0.9966910817804105,0.9978316700181692,0.9950764348436024,13.3422024474871,1.3227262235989943
17,Cornu_aspersum,17L_Co,20.2617334808195,15.1394231447094,9.12334551916193,1.2912156444132898,1.3763447825985837,2.0435714649644576,0.9988585054920335,0.9986391426911606,0.9969993317392526,14.8415007148969,0.9272268770299813
17,Cornu_aspersum,17M_Co,14.7412371241957,12.2304278437992,8.65566906165571,1.4781555433616993,1.3944798458383054,2.407777855441875,0.9985321145814708,0.9986290660921948,0.9958813992969381,11.8757780098835,1.0502334159592237
17,Cornu_aspersum,17N_Co,16.5655759850321,12.2159747415644,7.06213336873269,2.187660600398817,1.979693482459681,2.7154994002903963,0.9969876073809137,0.9974174902090998,0.9950307280344197,11.9478946984431,1.3366202061754344
17,Cornu_aspersum,17O_Co,18.739623037504,14.8333420549517,9.77654589431714,1.3885176011277018,1.5752537301481186,2.198468611726506,0.998633639875536,0.9982071930581291,0.9965107480314651,14.4498369955909,1.013391976358696
17,Cornu_aspersum,17P_Co,18.6245067027683,14.6133051658469,9.0446537456109,1.4539513042043994,1.5050756545880368,2.264580096570694,0.9985312107124201,0.9983730972588148,0.9963223071451328,14.094155204742,1.0278105172763778
17,Cornu_aspersum,17Q_Co,20.2573715496002,16.3700475104148,10.7528347460555,1.4472379876468933,1.620525447467536,2.17875038913391,0.9985046265673861,0.9981015074038667,0.9965683672285939,15.7934179353568,1.0256463423904
18,Cornu_aspersum,18A_Co,16.3941612061797,13.3586204202238,9.2476346918894,1.2837414061279326,1.3856123053778082,2.300851692204896,0.99887485922124,0.9986167717437024,0.9961765051572073,13.0001387727643,0.992294309396375
18,Cornu_aspersum,18B_Co,19.1460505435464,15.5401624239106,11.336422514985,1.2547663039796546,1.5096896643972912,2.4438219998543826,0.9988746901545703,0.9983549756700572,0.9956769869860305,15.3408784941474,1.0448746510341187
18,Cornu_aspersum,18C_Co,19.4695530940176,16.8279259377674,11.1881754875037,1.3273877807267895,1.6022802038844863,1.9055785254469635,0.9987399370694424,0.9981466826770407,0.9973838788656926,15.8285515064296,0.9404779924666868
18,Cornu_aspersum,18D_Co,15.9120628194066,14.6832210436316,10.7027606064004,1.2436436937931175,1.5550937893293895,2.121332551214355,0.9989138250854406,0.9982512782409182,0.9967439225345662,13.7660148231462,0.9698234732593711
18,Cornu_aspersum,18E_Co,18.246002977021,13.8847507123719,8.91497339915685,1.2891182625128592,1.4365862473476605,2.24240331792844,0.9988641944587425,0.9985150220329443,0.996374448140017,13.6819090295166,0.9862374393549727
18,Cornu_aspersum,18F_Co,17.9125583183938,15.0334190457073,9.55017020474701,0.8995376416812038,0.9279886948920483,1.7004665729613015,0.9994763406162233,0.999389302284038,0.9979318441588945,14.1653825229494,0.7119548637696682
18,Cornu_aspersum,18G_Co,13.7581543006708,12.3627504221936,10.3989597298543,0.735198776621074,1.3172267180070236,2.039158931891676,0.9996142635603091,0.9987657670923152,0.9970468911559214,12.1732881509063,0.8454960816842171
18,Cornu_aspersum,18H_Co,15.7762205735052,12.7452215641879,9.89685381886908,0.8631412662090763,1.061546252444136,2.0428202566663494,0.9994873738084356,0.9991860527988922,0.996991914170978,12.8060986521874,0.8195532585607278
18,Cornu_aspersum,18I_Co,19.8389545848082,16.3845009214779,12.3087446687486,0.8719679054843305,1.4809180993839361,2.620397957739094,0.9994505712393741,0.9984540883487398,0.995110830619875,16.1774000583449,1.044559019246393
18,Cornu_aspersum,18J_Co,20.4663156200801,15.8431644338839,10.3136714478257,0.817769508446808,1.2642671697806198,2.0947305247919363,0.9995288197669978,0.9988504108254371,0.9968472419543171,15.5410505005966,0.8599104873974793
18,Cornu_aspersum,18K_Co,17.5835651037021,14.988272965642,11.2867136428298,0.7439425700452553,1.2035114242960487,2.297176015814117,0.9996097481185622,0.9989572288335755,0.9961848876133078,14.6195172373913,0.8993150445118566
18,Cornu_aspersum,18L_Co,13.8168148463961,10.8699253272586,9.10800461873769,1.118364962272435,1.5046855868028675,2.1924231451701774,0.9991049418324567,0.9983663676717467,0.9965217191673947,11.2649149307974,0.9615692123612208
19,Cornu_aspersum,19A_Co,14.5631742513527,11.9211648748274,9.51352844854519,1.953079258860529,2.0169974769653067,3.0546629798232963,0.9973343778464298,0.9970716305051114,0.9932514436558048,11.9992891915751,1.3829824186951323
19,Cornu_aspersum,19B_Co,27.8434704839896,22.7658317288041,15.7595962121038,1.4310261572180243,2.2113868417456763,2.645895076579116,0.9985524168295656,0.9965873924842404,0.9950145258931989,22.1229661416325,1.244491345568484
19,Cornu_aspersum,19C_Co,21.308014032223,17.4611225791609,13.1651082157536,1.2350582657901397,1.9174241517021233,2.56124456563265,0.9989204069424131,0.9974469237896044,0.9953918893178255,17.3114149423792,1.1431855114552072
19,Cornu_aspersum,19D_Co,13.5929787293236,11.7888567470446,9.21520974743217,1.8861480784717901,1.8015731491861728,2.593292410477167,0.9975528825353819,0.9976767415149089,0.9951342847220417,11.5323484079335,1.2260318063678213
19,Cornu_aspersum,19E_Co,26.5378112122714,22.0988049185793,14.2135576689197,0.8979705361816187,1.451270665456406,2.1013349044074374,0.9994200523862344,0.9985267348272491,0.9968917219403621,20.9500579332568,0.9023516196118769
19,Cornu_aspersum,19F_Co,16.5496206008198,13.7453212164248,10.0521641366814,1.4481817713710754,1.600187187579176,2.2926529246665583,0.9985378966198379,0.9981499846135004,0.9962038072035858,13.4490353179753,1.049554768631079
19,Cornu_aspersum,19G_Co,18.3927916644503,14.6749085809457,10.3352899758975,1.601887834347291,1.7129526505894053,2.3493120046715408,0.9982113310450983,0.9978792888642136,0.9960121053130582,14.4676634070978,1.1065219941723774
19,Cornu_aspersum,19H_Co,15.9664277188569,13.6825466223995,10.1315763449194,1.9635960204452294,1.8955009087753258,2.6708528155596354,0.997307556741008,0.9974106925165869,0.994833219938841,13.2601835620586,1.2728833318737973
19,Cornu_aspersum,19I_Co,22.1892516197038,17.5412166833928,12.0210125190145,0.8373370634433487,1.2104890703906033,1.700656637909047,0.9995160816222493,0.998944224700122,0.9979323624807502,17.2504936073704,0.7497147714975891
19,Cornu_aspersum,19J_Co,16.2351161614733,14.0151864094584,9.95700859115953,1.3755966427162405,1.2127576456314297,1.8675821939421278,0.998748361579923,0.9989446876781317,0.9974969241413112,13.4024370540304,0.8724747994844811
20,Cornu_aspersum,20A_Co,15.9881731428451,14.3200746924807,10.5850595892014,0.47591654080831775,0.6044448771998578,0.8526942777434686,0.9998425589559319,0.9997450324107987,0.9994760384639192,13.6311024748424,0.38281670906940446
20,Cornu_aspersum,20B_Co,10.7264435132468,9.36258136336747,7.17954153338916,2.733863948472899,1.8333561652090005,2.0328054666869346,0.9953294191461771,0.9978810885541232,0.9972629159724479,9.08952213666782,1.2895953276841006
20,Cornu_aspersum,20C_Co,14.1879473011052,11.6605917577381,8.88859881225141,1.840210749426558,1.0492688126977594,1.2874660271664349,0.9978212684922475,0.999270675221117,0.9988419550888467,11.5790459570316,0.8262975933317744
20,Cornu_aspersum,20D_Co,16.0177333407646,13.2709234448704,9.17522055282215,1.6842404972330665,1.2086436597200847,1.804400854609841,0.9981269695831173,0.9989853420407597,0.9977072299581198,12.8212924461524,0.9161118316509769
20,Cornu_aspersum,20E_Co,16.9168542030505,13.8606903436529,9.15419876577254,1.684777469852235,1.100327264333677,1.7000485177915827,0.9981545359813366,0.9991854287577671,0.9979813010670939,13.3105811041586,0.8780888448090667
20,Cornu_aspersum,20F_Co,13.500706078322,11.2567776510541,8.03151228838142,2.226198324254699,1.4093876439388895,2.432489780771677,0.9969062301260461,0.998735006730155,0.9959233844061323,10.9296653392525,1.195330686154379
20,Cornu_aspersum,20G_Co,12.6917702463993,10.9266458116781,8.67588792197344,1.6148142840965636,1.0279263770016687,1.5534322263333593,0.9983376838512938,0.999293911793845,0.9983289396383797,10.7647679933503,0.821746750016836
20,Cornu_aspersum,20H_Co,18.5493470973691,14.6008831728135,9.54632817841497,1.0266708719418307,0.8831472694475977,1.359391110518006,0.9992753053006384,0.9994370800602943,0.9986646274541989,14.2321861495325,0.6396132833536496
20,Cornu_aspersum,20I_Co,15.0199000518771,12.7286360021455,9.02628860324189,1.6194408934458746,1.1251906885753111,1.6818853182237599,0.9982540544015839,0.9991128236886531,0.998003195659095,12.2582748857548,0.8639303673507999
20,Cornu_aspersum,20J_Co,17.3600903723124,14.484102030953,10.1954759698828,1.277651272253692,0.8657494963767438,1.1734965898530545,0.9989300069775747,0.9994651428524761,0.9990048926467977,14.0132227910494,0.6462721485879881
20,Cornu_aspersum,20K_Co,17.4786735506529,14.9107629438114,10.5658033962299,0.6297022726441731,1.1710379810188114,1.3767610812139608,0.9997139545201033,0.9990375301024622,0.9986400968522342,14.3184132968981,0.6379939027841084
20,Cornu_aspersum,20L_Co,12.4736780857002,10.6089173510301,7.70195067811051,2.396403960793304,1.6218299533532479,2.009203330920208,0.9963935712200741,0.9983208352848001,0.9973442978062681,10.2615153716136,1.1742601626310403
20,Cornu_aspersum,20M_Co,16.0908025951544,13.2678040320562,9.51443889029981,0.6733324115766772,0.819157543288811,0.7878489504936204,0.9996887667167478,0.9995225995585107,0.9995524297377392,12.9576818391701,0.4403409772236515
20,Cornu_aspersum,20N_Co,11.9519674098766,10.1901356913216,7.83543457305546,2.212547396429039,1.4138694743161155,1.8660522122881589,0.9969087654813347,0.9987169314443697,0.9976633761166198,9.99251255808454,1.073754768755851
20,Cornu_aspersum,20O_Co,12.7528450467956,10.6956249877708,7.8654272128217,2.429078543692436,1.5601498714167772,1.6861185851581637,0.9962985680724734,0.9984489447291074,0.9981209540176686,10.4379657491294,1.1144249177602532
20,Cornu_aspersum,20P_Co,13.6050774470375,12.3780047327294,9.47377943535588,1.5383610411680342,1.1057846789630166,1.623347217148457,0.9984457058588331,0.999130269478842,0.9981001511739429,11.8189538717076,0.8316363145187244
